<?xml version="1.0" encoding="UTF-8"?>
<!DOCTYPE struts PUBLIC
    "-//Apache Software Foundation//DTD Struts Configuration 2.0//EN"
    "http://struts.apache.org/dtds/struts-2.0.dtd">
<struts>
	<constant name="struts.devMode" value="true" />
	<constant name="struts.enable.DynamicMethodInvocation" value="true"></constant>
	<constant name="struts.ognl.allowStaticMethodAccess" value="true"/>
	<package name="basicstruts2" namespace="/" extends="struts-default">
	<interceptors>
	<interceptor name="LoginInterceptor" class="cn.com.xalead.interceptor.LoginInterceptor"></interceptor>
	    <interceptor-stack name="myStack">
	    <interceptor name="defaultStack"/>
	    <interceptor name="LoginInterceptor"/>
	    </interceptor-stack>
    </interceptors>
  
    <default-interceptor-ref name="myStack"/>
  
   <global-results>
   <result name="login">%{#loginJsp}</result>
   </global-results>
  
    <action name="user" class="cn.com.xalead.action.UserAction">
        <result name="add_success">/add_success.jsp</result>
	    <result name="add_input">/add_input.jsp</result>
	    <result>/success.jsp</result>
	    <result name="list">/list.jsp</result>
	    <result name="static">/methodCalls.jsp</result>
    </action>
    <action name="login" class="cn.com.xalead.action.LoginAction">
     <interceptor-ref name="defaultStack"/>
     <result>/success.jsp</result>
    </action>
  </package>  
</struts>
