<?xml version="1.0" encoding="UTF-8"?>
<!DOCTYPE struts PUBLIC
    "-//Apache Software Foundation//DTD Struts Configuration 2.0//EN"
    "http://struts.apache.org/dtds/struts-2.0.dtd"> 
<struts>
  <constant name="struts.devMode" value="true" />
   <constant name="struts.action.extension" value="action,,do,webwork" />
  
  <package name="basicstruts2"  namespace="/test"  extends="struts-default">
  
  <action name="simple" class="cn.com.xalead.action.SimpleAction" method="test">
     <result name="hello">/Hello.jsp</result>
  </action>
 
</package>
 
</struts>