<?xml version="1.0" encoding="UTF-8"?>
<!DOCTYPE struts PUBLIC
    "-//Apache Software Foundation//DTD Struts Configuration 2.0//EN"
    "http://struts.apache.org/dtds/struts-2.0.dtd">

<struts>

	<constant name="struts.devMode" value="true" />
	<constant name="struts.enable.DynamicMethodInvocation" value="true"></constant>
	<package name="basicstruts2" namespace="/" extends="struts-default">
    <action name="form" class="cn.com.xalead.action.UserAction">
    <result>/success.jsp</result>
    
    </action>
  
    </package>
  
</struts>