<?xml version="1.0" encoding="UTF-8"?>
<!DOCTYPE struts PUBLIC
    "-//Apache Software Foundation//DTD Struts Configuration 2.0//EN"
    "http://struts.apache.org/dtds/struts-2.0.dtd">
<struts>
	<constant name="struts.devMode" value="true" />
	<constant name="struts.enable.DynamicMethodInvocation" value="true"></constant>
	<constant name="struts.ognl.allowStaticMethodAccess" value="true"/>
	<package name="basicstruts2" namespace="/" extends="struts-default">
	<interceptors>
		<interceptor name="SimpleInterceptor" class="cn.com.xalead.interceptor.SimpleInterceptor"></interceptor>
		<interceptor name="SimpleInterceptor2" class="cn.com.xalead.interceptor.SimpleInterceptor1"></interceptor>
		<interceptor name="SimpleInterceptor1" class="cn.com.xalead.interceptor.SimpleInterceptor2"></interceptor>
	
	</interceptors>

    <action name="user" class="cn.com.xalead.action.UserAction">
     <interceptor-ref name="SimpleInterceptor2" /> 
     <interceptor-ref name="SimpleInterceptor1" />  
    <interceptor-ref name="SimpleInterceptor" /> 
     <result  name="add_success">/add_success.jsp</result>
     <result  name="add_input">/add_input.jsp</result>
     <result name="success">/success.jsp</result>
     <result name="add">/form.jsp</result>
     <result name="list">/list.jsp</result>
     <result name="static">/methodCalls.jsp</result>
     <result name="login">/login.jsp</result>
    </action>
    </package>  
</struts>
