<?xml version="1.0" encoding="UTF-8"?>
<!DOCTYPE struts PUBLIC
    "-//Apache Software Foundation//DTD Struts Configuration 2.0//EN"
    "http://struts.apache.org/dtds/struts-2.0.dtd">

<struts>

	<constant name="struts.devMode" value="true" />
	<constant name="struts.enable.DynamicMethodInvocation" value="true"></constant>
	<package name="basicstruts2" namespace="/" extends="struts-default">

  <action name="simple_*_*" class="cn.com.xalead.action.SimpleAction" method="{1}_{2}">
     <result name="hello">/Hello.jsp</result>
     <result name="add_input">/add_input.jsp</result>
     <result name="add_success">/add_success.jsp</result>
     <result name="update_success">/update_success.jsp</result>
     <result name="update_input">/update_input.jsp</result>
     <result name="delete_success">/Hello.jsp</result>
  </action>
</package>
</struts>