<?xml version="1.0" encoding="UTF-8"?>
<!DOCTYPE struts PUBLIC
    "-//Apache Software Foundation//DTD Struts Configuration 2.0//EN"
    "http://struts.apache.org/dtds/struts-2.0.dtd">
<struts>

	<constant name="struts.devMode" value="true" />
  <constant name="struts.enable.DynamicMethodInvocation" value="true"></constant>
  <package name="basicstruts2" namespace="/" extends="struts-default">
   <action name="simple" class="cn.com.xalead.action.SimpleAction">
     <result name="hello">/Hello.jsp</result>
     <result name="add_input">/add_input.jsp</result>
   <result name="add_success" type="plainText">/add_success.jsp</result>
    <result name="add_success">/add_success.jsp</result>
   
	  <result name="update_success" type="redirectAction">
	     <param name="namespace">/</param>  
		 <param name="actionName">index2</param>  
	  </result>
   	
	  <result name="update_input">/update_input.jsp</result>
	  <result name="delete_success">/Hello.jsp</result>
	  <result name="otherAction" type="chain">index</result>
	  
    </action> 
  </package>
  
  <package name="basic2" namespace="/" extends="struts-default">
  <action name="index2">
     <result>/index2.jsp</result>
  </action>
  </package>
</struts>