<?xml version="1.0" encoding="UTF-8"?>
<!DOCTYPE struts PUBLIC
    "-//Apache Software Foundation//DTD Struts Configuration 2.0//EN"
    "http://struts.apache.org/dtds/struts-2.0.dtd">
<struts>
	<constant name="struts.devMode" value="true" />
	<constant name="struts.enable.DynamicMethodInvocation" value="true"></constant>
	<package name="basicstruts2" namespace="/" extends="struts-default">

    <action name="user" class="cn.com.xalead.action.UserAction">
     <result  name="add_success">/add_success.jsp</result>
     <result  name="add_input">/add_input.jsp</result>
     <result name="success">/success.jsp</result>
     <result name="add">/form.jsp</result>
     <result name="list">/list.jsp</result>
<!--     <result name="update_success">/success.jsp</result>-->
    </action>
    </package>
  
</struts>
