<?xml version="1.0" encoding="UTF-8"?>
<!DOCTYPE struts PUBLIC
    "-//Apache Software Foundation//DTD Struts Configuration 2.0//EN"
    "http://struts.apache.org/dtds/struts-2.0.dtd"> 
<struts>
  <constant name="struts.devMode" value="true" />
    <package name="basicstruts2"  namespace="/"  extends="struts-default">
  
  <action name="simple" class="cn.com.xalead.action.SimpleAction">
     <result name="hello">/Hello.jsp</result>
     <result name="add_input">/add_input.jsp</result>
     <result name="add_success">/add_success.jsp</result>
     <result name="update_success">/update_success.jsp</result>
     <result name="update_input">/update_input.jsp</result>
     <result name="delete_success">/delete_success</result>
  </action>
</package>
 
</struts>